Item,Designator,Qty,Manufacturer,Manufacturer Part Number,Description,Package,Type,LCSC,Notes
1,U1,1,Texas Instruments,SN65HVD230DR,"CAN transceiver, 3.3 V",SOIC-8,SMT,C12084,
2,D2,1,Nexperia,"PESD2CAN,215",CAN bus ESD protection diode,SOT-23,SMT,C75176,
3,D1,1,MDD,SS14,"Schottky diode 1 A 40 V, chain 5 V to gauge VBUS",SMA (DO-214AC),SMT,C2480,Any SS14 in SMA; Vishay SS14-E3/61T from a distributor
4,C1,1,Samsung,CL21B104KBCNNNC,100 nF 50 V X7R,0805,SMT,C49678,
5,R1,1,Yageo,RC0805FR-0710KL,10 k 1%,0805,SMT,C17414,
6,"J1, J2",2,Molex,43045-0412,"Micro-Fit 3.0 header, 2x2, vertical, chain in and out","THT, 4 pins + 2 pegs",THT,,Both wired in parallel
7,P1,1,Wurth Elektronik,61300811121,"1x8 male header 2.54 mm, mates with the gauge",THT,THT,,Any plain 1x8 2.54 mm header
8,JP1,1,Wurth Elektronik,61300211121,"1x2 male header 2.54 mm, chain-power jumper",THT,THT,,Fit shunt 60900213421
9,TP1,0,,,Test pad on the spare GPIO,bare pad,none,,No part
